"REF_DATE","GEO","DGUID","Labour force characteristics","Gender","Age group","UOM","UOM_ID","SCALAR_FACTOR","SCALAR_ID","VECTOR","COORDINATE","VALUE","STATUS","SYMBOL","TERMINATED","DECIMALS"
"2024-11","Canada","2021A000011124","Employment","Total - Gender","15 years and over","Persons in thousands","428","thousands","3","v2091072","1.3.1.1","20828.6","","","","1"
"2024-12","Canada","2021A000011124","Employment","Total - Gender","15 years and over","Persons in thousands","428","thousands","3","v2091072","1.3.1.1","20843.6","","","","1"
"2025-01","Canada","2021A000011124","Employment","Total - Gender","15 years and over","Persons in thousands","428","thousands","3","v2091072","1.3.1.1","20670.1","","","","1"
"2025-02","Canada","2021A000011124","Employment","Total - Gender","15 years and over","Persons in thousands","428","thousands","3","v2091072","1.3.1.1","20768.6","","","","1"
"2025-03","Canada","2021A000011124","Employment","Total - Gender","15 years and over","Persons in thousands","428","thousands","3","v2091072","1.3.1.1","20758.0","","","","1"
"2024-11","Canada","2021A000011124","Employment","Total - Gender","15 to 24 years","Persons in thousands","428","thousands","3","v2091073","1.3.1.2","2598.2","","","","1"
"2024-12","Canada","2021A000011124","Employment","Total - Gender","15 to 24 years","Persons in thousands","428","thousands","3","v2091073","1.3.1.2","2615.8","","","","1"
"2025-01","Canada","2021A000011124","Employment","Total - Gender","15 to 24 years","Persons in thousands","428","thousands","3","v2091073","1.3.1.2","2552.3","","","","1"
"2025-02","Canada","2021A000011124","Employment","Total - Gender","15 to 24 years","Persons in thousands","428","thousands","3","v2091073","1.3.1.2","2574.4","","","","1"
"2025-03","Canada","2021A000011124","Employment","Total - Gender","15 to 24 years","Persons in thousands","428","thousands","3","v2091073","1.3.1.2","2575.3","","","","1"
"2024-11","Canada","2021A000011124","Employment","Total - Gender","25 years and over","Persons in thousands","428","thousands","3","v2091074","1.3.1.3","18230.5","","","","1"
"2024-12","Canada","2021A000011124","Employment","Total - Gender","25 years and over","Persons in thousands","428","thousands","3","v2091074","1.3.1.3","18227.8","","","","1"
"2025-01","Canada","2021A000011124","Employment","Total - Gender","25 years and over","Persons in thousands","428","thousands","3","v2091074","1.3.1.3","18117.8","","","","1"
"2025-02","Canada","2021A000011124","Employment","Total - Gender","25 years and over","Persons in thousands","428","thousands","3","v2091074","1.3.1.3","18194.2","","","","1"
"2025-03","Canada","2021A000011124","Employment","Total - Gender","25 years and over","Persons in thousands","428","thousands","3","v2091074","1.3.1.3","18182.7","","","","1"
"2024-11","Canada","2021A000011124","Employment","Total - Gender","25 to 44 years","Persons in thousands","428","thousands","3","v2091075","1.3.1.4","9765.7","","","","1"
"2024-12","Canada","2021A000011124","Employment","Total - Gender","25 to 44 years","Persons in thousands","428","thousands","3","v2091075","1.3.1.4","9768.0","","","","1"
"2025-01","Canada","2021A000011124","Employment","Total - Gender","25 to 44 years","Persons in thousands","428","thousands","3","v2091075","1.3.1.4","9699.5","","","","1"
"2025-02","Canada","2021A000011124","Employment","Total - Gender","25 to 44 years","Persons in thousands","428","thousands","3","v2091075","1.3.1.4","9764.6","","","","1"
"2025-03","Canada","2021A000011124","Employment","Total - Gender","25 to 44 years","Persons in thousands","428","thousands","3","v2091075","1.3.1.4","9760.3","","","","1"
"2024-11","Canada","2021A000011124","Employment","Total - Gender","45 to 64 years","Persons in thousands","428","thousands","3","v19650588","1.3.1.22","7378.8","","","","1"
"2024-12","Canada","2021A000011124","Employment","Total - Gender","45 to 64 years","Persons in thousands","428","thousands","3","v19650588","1.3.1.22","7342.0","","","","1"
"2025-01","Canada","2021A000011124","Employment","Total - Gender","45 to 64 years","Persons in thousands","428","thousands","3","v19650588","1.3.1.22","7337.0","","","","1"
"2025-02","Canada","2021A000011124","Employment","Total - Gender","45 to 64 years","Persons in thousands","428","thousands","3","v19650588","1.3.1.22","7328.1","","","","1"
"2025-03","Canada","2021A000011124","Employment","Total - Gender","45 to 64 years","Persons in thousands","428","thousands","3","v19650588","1.3.1.22","7312.9","","","","1"
"2024-11","Canada","2021A000011124","Employment","Total - Gender","45 years and over","Persons in thousands","428","thousands","3","v2091076","1.3.1.5","8464.7","","","","1"
"2024-12","Canada","2021A000011124","Employment","Total - Gender","45 years and over","Persons in thousands","428","thousands","3","v2091076","1.3.1.5","8459.9","","","","1"
"2025-01","Canada","2021A000011124","Employment","Total - Gender","45 years and over","Persons in thousands","428","thousands","3","v2091076","1.3.1.5","8418.3","","","","1"
"2025-02","Canada","2021A000011124","Employment","Total - Gender","45 years and over","Persons in thousands","428","thousands","3","v2091076","1.3.1.5","8429.6","","","","1"
"2025-03","Canada","2021A000011124","Employment","Total - Gender","45 years and over","Persons in thousands","428","thousands","3","v2091076","1.3.1.5","8422.5","","","","1"
"2024-11","Canada","2021A000011124","Employment","Total - Gender","25 to 54 years","Persons in thousands","428","thousands","3","v2091077","1.3.1.6","13882.7","","","","1"
"2024-12","Canada","2021A000011124","Employment","Total - Gender","25 to 54 years","Persons in thousands","428","thousands","3","v2091077","1.3.1.6","13858.0","","","","1"
"2025-01","Canada","2021A000011124","Employment","Total - Gender","25 to 54 years","Persons in thousands","428","thousands","3","v2091077","1.3.1.6","13807.9","","","","1"
"2025-02","Canada","2021A000011124","Employment","Total - Gender","25 to 54 years","Persons in thousands","428","thousands","3","v2091077","1.3.1.6","13892.6","","","","1"
"2025-03","Canada","2021A000011124","Employment","Total - Gender","25 to 54 years","Persons in thousands","428","thousands","3","v2091077","1.3.1.6","13867.0","","","","1"
"2024-11","Canada","2021A000011124","Employment","Total - Gender","55 years and over","Persons in thousands","428","thousands","3","v2091078","1.3.1.7","4347.8","","","","1"
"2024-12","Canada","2021A000011124","Employment","Total - Gender","55 years and over","Persons in thousands","428","thousands","3","v2091078","1.3.1.7","4369.8","","","","1"
"2025-01","Canada","2021A000011124","Employment","Total - Gender","55 years and over","Persons in thousands","428","thousands","3","v2091078","1.3.1.7","4309.9","","","","1"
"2025-02","Canada","2021A000011124","Employment","Total - Gender","55 years and over","Persons in thousands","428","thousands","3","v2091078","1.3.1.7","4301.7","","","","1"
"2025-03","Canada","2021A000011124","Employment","Total - Gender","55 years and over","Persons in thousands","428","thousands","3","v2091078","1.3.1.7","4315.7","","","","1"
"2024-11","Canada","2021A000011124","Employment","Total - Gender","15 to 64 years","Persons in thousands","428","thousands","3","v2091079","1.3.1.8","19742.7","","","","1"
"2024-12","Canada","2021A000011124","Employment","Total - Gender","15 to 64 years","Persons in thousands","428","thousands","3","v2091079","1.3.1.8","19725.7","","","","1"
"2025-01","Canada","2021A000011124","Employment","Total - Gender","15 to 64 years","Persons in thousands","428","thousands","3","v2091079","1.3.1.8","19588.8","","","","1"
"2025-02","Canada","2021A000011124","Employment","Total - Gender","15 to 64 years","Persons in thousands","428","thousands","3","v2091079","1.3.1.8","19667.1","","","","1"
"2025-03","Canada","2021A000011124","Employment","Total - Gender","15 to 64 years","Persons in thousands","428","thousands","3","v2091079","1.3.1.8","19648.4","","","","1"
"2024-11","Canada","2021A000011124","Employment","Total - Gender","15 to 19 years","Persons in thousands","428","thousands","3","v2091080","1.3.1.9","799.5","","","","1"
"2024-12","Canada","2021A000011124","Employment","Total - Gender","15 to 19 years","Persons in thousands","428","thousands","3","v2091080","1.3.1.9","819.2","","","","1"
"2025-01","Canada","2021A000011124","Employment","Total - Gender","15 to 19 years","Persons in thousands","428","thousands","3","v2091080","1.3.1.9","799.2","","","","1"
"2025-02","Canada","2021A000011124","Employment","Total - Gender","15 to 19 years","Persons in thousands","428","thousands","3","v2091080","1.3.1.9","784.4","","","","1"
"2025-03","Canada","2021A000011124","Employment","Total - Gender","15 to 19 years","Persons in thousands","428","thousands","3","v2091080","1.3.1.9","788.9","","","","1"
"2024-11","Canada","2021A000011124","Employment","Total - Gender","20 to 24 years","Persons in thousands","428","thousands","3","v2091081","1.3.1.10","1798.7","","","","1"
"2024-12","Canada","2021A000011124","Employment","Total - Gender","20 to 24 years","Persons in thousands","428","thousands","3","v2091081","1.3.1.10","1796.6","","","","1"
"2025-01","Canada","2021A000011124","Employment","Total - Gender","20 to 24 years","Persons in thousands","428","thousands","3","v2091081","1.3.1.10","1753.1","","","","1"
"2025-02","Canada","2021A000011124","Employment","Total - Gender","20 to 24 years","Persons in thousands","428","thousands","3","v2091081","1.3.1.10","1790.0","","","","1"
"2025-03","Canada","2021A000011124","Employment","Total - Gender","20 to 24 years","Persons in thousands","428","thousands","3","v2091081","1.3.1.10","1786.4","","","","1"
"2024-11","Canada","2021A000011124","Employment","Total - Gender","25 to 29 years","Persons in thousands","428","thousands","3","v2091082","1.3.1.11","2395.4","","","","1"
"2024-12","Canada","2021A000011124","Employment","Total - Gender","25 to 29 years","Persons in thousands","428","thousands","3","v2091082","1.3.1.11","2403.6","","","","1"
"2025-01","Canada","2021A000011124","Employment","Total - Gender","25 to 29 years","Persons in thousands","428","thousands","3","v2091082","1.3.1.11","2350.2","","","","1"
"2025-02","Canada","2021A000011124","Employment","Total - Gender","25 to 29 years","Persons in thousands","428","thousands","3","v2091082","1.3.1.11","2368.0","","","","1"
"2025-03","Canada","2021A000011124","Employment","Total - Gender","25 to 29 years","Persons in thousands","428","thousands","3","v2091082","1.3.1.11","2360.6","","","","1"
"2024-11","Canada","2021A000011124","Employment","Total - Gender","30 to 34 years","Persons in thousands","428","thousands","3","v2091083","1.3.1.12","2589.4","","","","1"
"2024-12","Canada","2021A000011124","Employment","Total - Gender","30 to 34 years","Persons in thousands","428","thousands","3","v2091083","1.3.1.12","2569.6","","","","1"
"2025-01","Canada","2021A000011124","Employment","Total - Gender","30 to 34 years","Persons in thousands","428","thousands","3","v2091083","1.3.1.12","2564.3","","","","1"
"2025-02","Canada","2021A000011124","Employment","Total - Gender","30 to 34 years","Persons in thousands","428","thousands","3","v2091083","1.3.1.12","2597.4","","","","1"
"2025-03","Canada","2021A000011124","Employment","Total - Gender","30 to 34 years","Persons in thousands","428","thousands","3","v2091083","1.3.1.12","2600.0","","","","1"
"2024-11","Canada","2021A000011124","Employment","Total - Gender","35 to 39 years","Persons in thousands","428","thousands","3","v2091084","1.3.1.13","2430.2","","","","1"
"2024-12","Canada","2021A000011124","Employment","Total - Gender","35 to 39 years","Persons in thousands","428","thousands","3","v2091084","1.3.1.13","2458.3","","","","1"
"2025-01","Canada","2021A000011124","Employment","Total - Gender","35 to 39 years","Persons in thousands","428","thousands","3","v2091084","1.3.1.13","2428.2","","","","1"
"2025-02","Canada","2021A000011124","Employment","Total - Gender","35 to 39 years","Persons in thousands","428","thousands","3","v2091084","1.3.1.13","2436.7","","","","1"
"2025-03","Canada","2021A000011124","Employment","Total - Gender","35 to 39 years","Persons in thousands","428","thousands","3","v2091084","1.3.1.13","2453.3","","","","1"
"2024-11","Canada","2021A000011124","Employment","Total - Gender","40 to 44 years","Persons in thousands","428","thousands","3","v2091085","1.3.1.14","2350.8","","","","1"
"2024-12","Canada","2021A000011124","Employment","Total - Gender","40 to 44 years","Persons in thousands","428","thousands","3","v2091085","1.3.1.14","2336.5","","","","1"
"2025-01","Canada","2021A000011124","Employment","Total - Gender","40 to 44 years","Persons in thousands","428","thousands","3","v2091085","1.3.1.14","2356.8","","","","1"
"2025-02","Canada","2021A000011124","Employment","Total - Gender","40 to 44 years","Persons in thousands","428","thousands","3","v2091085","1.3.1.14","2362.5","","","","1"
"2025-03","Canada","2021A000011124","Employment","Total - Gender","40 to 44 years","Persons in thousands","428","thousands","3","v2091085","1.3.1.14","2346.5","","","","1"
"2024-11","Canada","2021A000011124","Employment","Total - Gender","45 to 49 years","Persons in thousands","428","thousands","3","v2091086","1.3.1.15","2072.1","","","","1"
"2024-12","Canada","2021A000011124","Employment","Total - Gender","45 to 49 years","Persons in thousands","428","thousands","3","v2091086","1.3.1.15","2068.8","","","","1"
"2025-01","Canada","2021A000011124","Employment","Total - Gender","45 to 49 years","Persons in thousands","428","thousands","3","v2091086","1.3.1.15","2095.0","","","","1"
"2025-02","Canada","2021A000011124","Employment","Total - Gender","45 to 49 years","Persons in thousands","428","thousands","3","v2091086","1.3.1.15","2109.5","","","","1"
"2025-03","Canada","2021A000011124","Employment","Total - Gender","45 to 49 years","Persons in thousands","428","thousands","3","v2091086","1.3.1.15","2115.5","","","","1"
"2024-11","Canada","2021A000011124","Employment","Total - Gender","50 to 54 years","Persons in thousands","428","thousands","3","v2091087","1.3.1.16","2044.9","","","","1"
"2024-12","Canada","2021A000011124","Employment","Total - Gender","50 to 54 years","Persons in thousands","428","thousands","3","v2091087","1.3.1.16","2021.3","","","","1"
"2025-01","Canada","2021A000011124","Employment","Total - Gender","50 to 54 years","Persons in thousands","428","thousands","3","v2091087","1.3.1.16","2013.3","","","","1"
"2025-02","Canada","2021A000011124","Employment","Total - Gender","50 to 54 years","Persons in thousands","428","thousands","3","v2091087","1.3.1.16","2018.5","","","","1"
"2025-03","Canada","2021A000011124","Employment","Total - Gender","50 to 54 years","Persons in thousands","428","thousands","3","v2091087","1.3.1.16","1991.2","","","","1"
"2024-11","Canada","2021A000011124","Employment","Total - Gender","55 to 59 years","Persons in thousands","428","thousands","3","v2091088","1.3.1.17","1787.1","","","","1"
"2024-12","Canada","2021A000011124","Employment","Total - Gender","55 to 59 years","Persons in thousands","428","thousands","3","v2091088","1.3.1.17","1794.7","","","","1"
"2025-01","Canada","2021A000011124","Employment","Total - Gender","55 to 59 years","Persons in thousands","428","thousands","3","v2091088","1.3.1.17","1773.3","","","","1"
"2025-02","Canada","2021A000011124","Employment","Total - Gender","55 to 59 years","Persons in thousands","428","thousands","3","v2091088","1.3.1.17","1761.7","","","","1"
"2025-03","Canada","2021A000011124","Employment","Total - Gender","55 to 59 years","Persons in thousands","428","thousands","3","v2091088","1.3.1.17","1751.6","","","","1"
"2024-11","Canada","2021A000011124","Employment","Total - Gender","60 to 64 years","Persons in thousands","428","thousands","3","v2091089","1.3.1.18","1474.8","","","","1"
"2024-12","Canada","2021A000011124","Employment","Total - Gender","60 to 64 years","Persons in thousands","428","thousands","3","v2091089","1.3.1.18","1457.2","","","","1"
"2025-01","Canada","2021A000011124","Employment","Total - Gender","60 to 64 years","Persons in thousands","428","thousands","3","v2091089","1.3.1.18","1455.4","","","","1"
"2025-02","Canada","2021A000011124","Employment","Total - Gender","60 to 64 years","Persons in thousands","428","thousands","3","v2091089","1.3.1.18","1438.5","","","","1"
"2025-03","Canada","2021A000011124","Employment","Total - Gender","60 to 64 years","Persons in thousands","428","thousands","3","v2091089","1.3.1.18","1454.5","","","","1"
"2024-11","Canada","2021A000011124","Employment","Total - Gender","65 years and over","Persons in thousands","428","thousands","3","v2091090","1.3.1.19","1085.9","","","","1"
"2024-12","Canada","2021A000011124","Employment","Total - Gender","65 years and over","Persons in thousands","428","thousands","3","v2091090","1.3.1.19","1117.9","","","","1"
"2025-01","Canada","2021A000011124","Employment","Total - Gender","65 years and over","Persons in thousands","428","thousands","3","v2091090","1.3.1.19","1081.3","","","","1"
"2025-02","Canada","2021A000011124","Employment","Total - Gender","65 years and over","Persons in thousands","428","thousands","3","v2091090","1.3.1.19","1101.5","","","","1"
"2025-03","Canada","2021A000011124","Employment","Total - Gender","65 years and over","Persons in thousands","428","thousands","3","v2091090","1.3.1.19","1109.6","","","","1"
"2024-11","Canada","2021A000011124","Employment","Total - Gender","65 to 69 years","Persons in thousands","428","thousands","3","v2091091","1.3.1.20","678.5","","","","1"
"2024-12","Canada","2021A000011124","Employment","Total - Gender","65 to 69 years","Persons in thousands","428","thousands","3","v2091091","1.3.1.20","693.6","","","","1"
"2025-01","Canada","2021A000011124","Employment","Total - Gender","65 to 69 years","Persons in thousands","428","thousands","3","v2091091","1.3.1.20","662.2","","","","1"
"2025-02","Canada","2021A000011124","Employment","Total - Gender","65 to 69 years","Persons in thousands","428","thousands","3","v2091091","1.3.1.20","682.4","","","","1"
"2025-03","Canada","2021A000011124","Employment","Total - Gender","65 to 69 years","Persons in thousands","428","thousands","3","v2091091","1.3.1.20","691.9","","","","1"
"2024-11","Canada","2021A000011124","Employment","Total - Gender","70 years and over","Persons in thousands","428","thousands","3","v2091092","1.3.1.21","407.4","","","","1"
"2024-12","Canada","2021A000011124","Employment","Total - Gender","70 years and over","Persons in thousands","428","thousands","3","v2091092","1.3.1.21","424.3","","","","1"
"2025-01","Canada","2021A000011124","Employment","Total - Gender","70 years and over","Persons in thousands","428","thousands","3","v2091092","1.3.1.21","419.1","","","","1"
"2025-02","Canada","2021A000011124","Employment","Total - Gender","70 years and over","Persons in thousands","428","thousands","3","v2091092","1.3.1.21","419.1","","","","1"
"2025-03","Canada","2021A000011124","Employment","Total - Gender","70 years and over","Persons in thousands","428","thousands","3","v2091092","1.3.1.21","417.7","","","","1"
"2024-11","Canada","2021A000011124","Employment","Men+","15 years and over","Persons in thousands","428","thousands","3","v2091282","1.3.2.1","10989.4","","","","1"
"2024-12","Canada","2021A000011124","Employment","Men+","15 years and over","Persons in thousands","428","thousands","3","v2091282","1.3.2.1","10978.2","","","","1"
"2025-01","Canada","2021A000011124","Employment","Men+","15 years and over","Persons in thousands","428","thousands","3","v2091282","1.3.2.1","10852.1","","","","1"
"2025-02","Canada","2021A000011124","Employment","Men+","15 years and over","Persons in thousands","428","thousands","3","v2091282","1.3.2.1","10894.8","","","","1"
"2025-03","Canada","2021A000011124","Employment","Men+","15 years and over","Persons in thousands","428","thousands","3","v2091282","1.3.2.1","10868.8","","","","1"
"2024-11","Canada","2021A000011124","Employment","Men+","15 to 24 years","Persons in thousands","428","thousands","3","v2091283","1.3.2.2","1325.9","","","","1"
"2024-12","Canada","2021A000011124","Employment","Men+","15 to 24 years","Persons in thousands","428","thousands","3","v2091283","1.3.2.2","1332.2","","","","1"
"2025-01","Canada","2021A000011124","Employment","Men+","15 to 24 years","Persons in thousands","428","thousands","3","v2091283","1.3.2.2","1299.8","","","","1"
"2025-02","Canada","2021A000011124","Employment","Men+","15 to 24 years","Persons in thousands","428","thousands","3","v2091283","1.3.2.2","1318.3","","","","1"
"2025-03","Canada","2021A000011124","Employment","Men+","15 to 24 years","Persons in thousands","428","thousands","3","v2091283","1.3.2.2","1308.2","","","","1"
"2024-11","Canada","2021A000011124","Employment","Men+","25 years and over","Persons in thousands","428","thousands","3","v2091284","1.3.2.3","9663.5","","","","1"
"2024-12","Canada","2021A000011124","Employment","Men+","25 years and over","Persons in thousands","428","thousands","3","v2091284","1.3.2.3","9646.0","","","","1"
"2025-01","Canada","2021A000011124","Employment","Men+","25 years and over","Persons in thousands","428","thousands","3","v2091284","1.3.2.3","9552.4","","","","1"
"2025-02","Canada","2021A000011124","Employment","Men+","25 years and over","Persons in thousands","428","thousands","3","v2091284","1.3.2.3","9576.5","","","","1"
"2025-03","Canada","2021A000011124","Employment","Men+","25 years and over","Persons in thousands","428","thousands","3","v2091284","1.3.2.3","9560.6","","","","1"
"2024-11","Canada","2021A000011124","Employment","Men+","25 to 44 years","Persons in thousands","428","thousands","3","v2091285","1.3.2.4","5154.4","","","","1"
"2024-12","Canada","2021A000011124","Employment","Men+","25 to 44 years","Persons in thousands","428","thousands","3","v2091285","1.3.2.4","5154.9","","","","1"
"2025-01","Canada","2021A000011124","Employment","Men+","25 to 44 years","Persons in thousands","428","thousands","3","v2091285","1.3.2.4","5104.7","","","","1"
"2025-02","Canada","2021A000011124","Employment","Men+","25 to 44 years","Persons in thousands","428","thousands","3","v2091285","1.3.2.4","5124.4","","","","1"
"2025-03","Canada","2021A000011124","Employment","Men+","25 to 44 years","Persons in thousands","428","thousands","3","v2091285","1.3.2.4","5117.5","","","","1"
"2024-11","Canada","2021A000011124","Employment","Men+","45 to 64 years","Persons in thousands","428","thousands","3","v19650589","1.3.2.22","3862.3","","","","1"
"2024-12","Canada","2021A000011124","Employment","Men+","45 to 64 years","Persons in thousands","428","thousands","3","v19650589","1.3.2.22","3824.7","","","","1"
"2025-01","Canada","2021A000011124","Employment","Men+","45 to 64 years","Persons in thousands","428","thousands","3","v19650589","1.3.2.22","3799.1","","","","1"
"2025-02","Canada","2021A000011124","Employment","Men+","45 to 64 years","Persons in thousands","428","thousands","3","v19650589","1.3.2.22","3796.3","","","","1"
"2025-03","Canada","2021A000011124","Employment","Men+","45 to 64 years","Persons in thousands","428","thousands","3","v19650589","1.3.2.22","3789.9","","","","1"
"2024-11","Canada","2021A000011124","Employment","Men+","45 years and over","Persons in thousands","428","thousands","3","v2091286","1.3.2.5","4509.1","","","","1"
"2024-12","Canada","2021A000011124","Employment","Men+","45 years and over","Persons in thousands","428","thousands","3","v2091286","1.3.2.5","4491.0","","","","1"
"2025-01","Canada","2021A000011124","Employment","Men+","45 years and over","Persons in thousands","428","thousands","3","v2091286","1.3.2.5","4447.7","","","","1"
"2025-02","Canada","2021A000011124","Employment","Men+","45 years and over","Persons in thousands","428","thousands","3","v2091286","1.3.2.5","4452.1","","","","1"
"2025-03","Canada","2021A000011124","Employment","Men+","45 years and over","Persons in thousands","428","thousands","3","v2091286","1.3.2.5","4443.2","","","","1"
"2024-11","Canada","2021A000011124","Employment","Men+","25 to 54 years","Persons in thousands","428","thousands","3","v2091287","1.3.2.6","7275.4","","","","1"
"2024-12","Canada","2021A000011124","Employment","Men+","25 to 54 years","Persons in thousands","428","thousands","3","v2091287","1.3.2.6","7255.5","","","","1"
"2025-01","Canada","2021A000011124","Employment","Men+","25 to 54 years","Persons in thousands","428","thousands","3","v2091287","1.3.2.6","7203.0","","","","1"
"2025-02","Canada","2021A000011124","Employment","Men+","25 to 54 years","Persons in thousands","428","thousands","3","v2091287","1.3.2.6","7240.5","","","","1"
"2025-03","Canada","2021A000011124","Employment","Men+","25 to 54 years","Persons in thousands","428","thousands","3","v2091287","1.3.2.6","7225.2","","","","1"
"2024-11","Canada","2021A000011124","Employment","Men+","55 years and over","Persons in thousands","428","thousands","3","v2091288","1.3.2.7","2388.1","","","","1"
"2024-12","Canada","2021A000011124","Employment","Men+","55 years and over","Persons in thousands","428","thousands","3","v2091288","1.3.2.7","2390.5","","","","1"
"2025-01","Canada","2021A000011124","Employment","Men+","55 years and over","Persons in thousands","428","thousands","3","v2091288","1.3.2.7","2349.4","","","","1"
"2025-02","Canada","2021A000011124","Employment","Men+","55 years and over","Persons in thousands","428","thousands","3","v2091288","1.3.2.7","2336.0","","","","1"
"2025-03","Canada","2021A000011124","Employment","Men+","55 years and over","Persons in thousands","428","thousands","3","v2091288","1.3.2.7","2335.4","","","","1"
"2024-11","Canada","2021A000011124","Employment","Men+","15 to 64 years","Persons in thousands","428","thousands","3","v2091289","1.3.2.8","10342.7","","","","1"
"2024-12","Canada","2021A000011124","Employment","Men+","15 to 64 years","Persons in thousands","428","thousands","3","v2091289","1.3.2.8","10311.8","","","","1"
"2025-01","Canada","2021A000011124","Employment","Men+","15 to 64 years","Persons in thousands","428","thousands","3","v2091289","1.3.2.8","10203.6","","","","1"
"2025-02","Canada","2021A000011124","Employment","Men+","15 to 64 years","Persons in thousands","428","thousands","3","v2091289","1.3.2.8","10239.0","","","","1"
"2025-03","Canada","2021A000011124","Employment","Men+","15 to 64 years","Persons in thousands","428","thousands","3","v2091289","1.3.2.8","10215.5","","","","1"
"2024-11","Canada","2021A000011124","Employment","Men+","15 to 19 years","Persons in thousands","428","thousands","3","v2091290","1.3.2.9","387.7","","","","1"
"2024-12","Canada","2021A000011124","Employment","Men+","15 to 19 years","Persons in thousands","428","thousands","3","v2091290","1.3.2.9","398.7","","","","1"
"2025-01","Canada","2021A000011124","Employment","Men+","15 to 19 years","Persons in thousands","428","thousands","3","v2091290","1.3.2.9","384.8","","","","1"
"2025-02","Canada","2021A000011124","Employment","Men+","15 to 19 years","Persons in thousands","428","thousands","3","v2091290","1.3.2.9","377.6","","","","1"
"2025-03","Canada","2021A000011124","Employment","Men+","15 to 19 years","Persons in thousands","428","thousands","3","v2091290","1.3.2.9","377.8","","","","1"
"2024-11","Canada","2021A000011124","Employment","Men+","20 to 24 years","Persons in thousands","428","thousands","3","v2091291","1.3.2.10","938.2","","","","1"
"2024-12","Canada","2021A000011124","Employment","Men+","20 to 24 years","Persons in thousands","428","thousands","3","v2091291","1.3.2.10","933.5","","","","1"
"2025-01","Canada","2021A000011124","Employment","Men+","20 to 24 years","Persons in thousands","428","thousands","3","v2091291","1.3.2.10","915.0","","","","1"
"2025-02","Canada","2021A000011124","Employment","Men+","20 to 24 years","Persons in thousands","428","thousands","3","v2091291","1.3.2.10","940.7","","","","1"
"2025-03","Canada","2021A000011124","Employment","Men+","20 to 24 years","Persons in thousands","428","thousands","3","v2091291","1.3.2.10","930.4","","","","1"
"2024-11","Canada","2021A000011124","Employment","Men+","25 to 29 years","Persons in thousands","428","thousands","3","v2091292","1.3.2.11","1246.0","","","","1"
"2024-12","Canada","2021A000011124","Employment","Men+","25 to 29 years","Persons in thousands","428","thousands","3","v2091292","1.3.2.11","1251.2","","","","1"
"2025-01","Canada","2021A000011124","Employment","Men+","25 to 29 years","Persons in thousands","428","thousands","3","v2091292","1.3.2.11","1223.1","","","","1"
"2025-02","Canada","2021A000011124","Employment","Men+","25 to 29 years","Persons in thousands","428","thousands","3","v2091292","1.3.2.11","1229.7","","","","1"
"2025-03","Canada","2021A000011124","Employment","Men+","25 to 29 years","Persons in thousands","428","thousands","3","v2091292","1.3.2.11","1215.2","","","","1"
"2024-11","Canada","2021A000011124","Employment","Men+","30 to 34 years","Persons in thousands","428","thousands","3","v2091293","1.3.2.12","1386.1","","","","1"
"2024-12","Canada","2021A000011124","Employment","Men+","30 to 34 years","Persons in thousands","428","thousands","3","v2091293","1.3.2.12","1376.9","","","","1"
"2025-01","Canada","2021A000011124","Employment","Men+","30 to 34 years","Persons in thousands","428","thousands","3","v2091293","1.3.2.12","1370.1","","","","1"
"2025-02","Canada","2021A000011124","Employment","Men+","30 to 34 years","Persons in thousands","428","thousands","3","v2091293","1.3.2.12","1382.7","","","","1"
"2025-03","Canada","2021A000011124","Employment","Men+","30 to 34 years","Persons in thousands","428","thousands","3","v2091293","1.3.2.12","1381.7","","","","1"
"2024-11","Canada","2021A000011124","Employment","Men+","35 to 39 years","Persons in thousands","428","thousands","3","v2091294","1.3.2.13","1301.1","","","","1"
"2024-12","Canada","2021A000011124","Employment","Men+","35 to 39 years","Persons in thousands","428","thousands","3","v2091294","1.3.2.13","1324.2","","","","1"
"2025-01","Canada","2021A000011124","Employment","Men+","35 to 39 years","Persons in thousands","428","thousands","3","v2091294","1.3.2.13","1292.3","","","","1"
"2025-02","Canada","2021A000011124","Employment","Men+","35 to 39 years","Persons in thousands","428","thousands","3","v2091294","1.3.2.13","1280.4","","","","1"
"2025-03","Canada","2021A000011124","Employment","Men+","35 to 39 years","Persons in thousands","428","thousands","3","v2091294","1.3.2.13","1286.7","","","","1"
"2024-11","Canada","2021A000011124","Employment","Men+","40 to 44 years","Persons in thousands","428","thousands","3","v2091295","1.3.2.14","1221.1","","","","1"
"2024-12","Canada","2021A000011124","Employment","Men+","40 to 44 years","Persons in thousands","428","thousands","3","v2091295","1.3.2.14","1202.7","","","","1"
"2025-01","Canada","2021A000011124","Employment","Men+","40 to 44 years","Persons in thousands","428","thousands","3","v2091295","1.3.2.14","1219.2","","","","1"
"2025-02","Canada","2021A000011124","Employment","Men+","40 to 44 years","Persons in thousands","428","thousands","3","v2091295","1.3.2.14","1231.7","","","","1"
"2025-03","Canada","2021A000011124","Employment","Men+","40 to 44 years","Persons in thousands","428","thousands","3","v2091295","1.3.2.14","1233.8","","","","1"
"2024-11","Canada","2021A000011124","Employment","Men+","45 to 49 years","Persons in thousands","428","thousands","3","v2091296","1.3.2.15","1070.0","","","","1"
"2024-12","Canada","2021A000011124","Employment","Men+","45 to 49 years","Persons in thousands","428","thousands","3","v2091296","1.3.2.15","1069.0","","","","1"
"2025-01","Canada","2021A000011124","Employment","Men+","45 to 49 years","Persons in thousands","428","thousands","3","v2091296","1.3.2.15","1079.5","","","","1"
"2025-02","Canada","2021A000011124","Employment","Men+","45 to 49 years","Persons in thousands","428","thousands","3","v2091296","1.3.2.15","1094.0","","","","1"
"2025-03","Canada","2021A000011124","Employment","Men+","45 to 49 years","Persons in thousands","428","thousands","3","v2091296","1.3.2.15","1106.0","","","","1"
"2024-11","Canada","2021A000011124","Employment","Men+","50 to 54 years","Persons in thousands","428","thousands","3","v2091297","1.3.2.16","1050.9","","","","1"
"2024-12","Canada","2021A000011124","Employment","Men+","50 to 54 years","Persons in thousands","428","thousands","3","v2091297","1.3.2.16","1031.5","","","","1"
"2025-01","Canada","2021A000011124","Employment","Men+","50 to 54 years","Persons in thousands","428","thousands","3","v2091297","1.3.2.16","1018.8","","","","1"
"2025-02","Canada","2021A000011124","Employment","Men+","50 to 54 years","Persons in thousands","428","thousands","3","v2091297","1.3.2.16","1022.1","","","","1"
"2025-03","Canada","2021A000011124","Employment","Men+","50 to 54 years","Persons in thousands","428","thousands","3","v2091297","1.3.2.16","1001.7","","","","1"
"2024-11","Canada","2021A000011124","Employment","Men+","55 to 59 years","Persons in thousands","428","thousands","3","v2091298","1.3.2.17","933.3","","","","1"
"2024-12","Canada","2021A000011124","Employment","Men+","55 to 59 years","Persons in thousands","428","thousands","3","v2091298","1.3.2.17","934.9","","","","1"
"2025-01","Canada","2021A000011124","Employment","Men+","55 to 59 years","Persons in thousands","428","thousands","3","v2091298","1.3.2.17","915.8","","","","1"
"2025-02","Canada","2021A000011124","Employment","Men+","55 to 59 years","Persons in thousands","428","thousands","3","v2091298","1.3.2.17","905.2","","","","1"
"2025-03","Canada","2021A000011124","Employment","Men+","55 to 59 years","Persons in thousands","428","thousands","3","v2091298","1.3.2.17","903.3","","","","1"
"2024-11","Canada","2021A000011124","Employment","Men+","60 to 64 years","Persons in thousands","428","thousands","3","v2091299","1.3.2.18","808.1","","","","1"
"2024-12","Canada","2021A000011124","Employment","Men+","60 to 64 years","Persons in thousands","428","thousands","3","v2091299","1.3.2.18","789.2","","","","1"
"2025-01","Canada","2021A000011124","Employment","Men+","60 to 64 years","Persons in thousands","428","thousands","3","v2091299","1.3.2.18","785.1","","","","1"
"2025-02","Canada","2021A000011124","Employment","Men+","60 to 64 years","Persons in thousands","428","thousands","3","v2091299","1.3.2.18","775.0","","","","1"
"2025-03","Canada","2021A000011124","Employment","Men+","60 to 64 years","Persons in thousands","428","thousands","3","v2091299","1.3.2.18","778.9","","","","1"
"2024-11","Canada","2021A000011124","Employment","Men+","65 years and over","Persons in thousands","428","thousands","3","v2091300","1.3.2.19","646.7","","","","1"
"2024-12","Canada","2021A000011124","Employment","Men+","65 years and over","Persons in thousands","428","thousands","3","v2091300","1.3.2.19","666.4","","","","1"
"2025-01","Canada","2021A000011124","Employment","Men+","65 years and over","Persons in thousands","428","thousands","3","v2091300","1.3.2.19","648.5","","","","1"
"2025-02","Canada","2021A000011124","Employment","Men+","65 years and over","Persons in thousands","428","thousands","3","v2091300","1.3.2.19","655.8","","","","1"
"2025-03","Canada","2021A000011124","Employment","Men+","65 years and over","Persons in thousands","428","thousands","3","v2091300","1.3.2.19","653.3","","","","1"
"2024-11","Canada","2021A000011124","Employment","Men+","65 to 69 years","Persons in thousands","428","thousands","3","v2091301","1.3.2.20","388.1","","","","1"
"2024-12","Canada","2021A000011124","Employment","Men+","65 to 69 years","Persons in thousands","428","thousands","3","v2091301","1.3.2.20","398.9","","","","1"
"2025-01","Canada","2021A000011124","Employment","Men+","65 to 69 years","Persons in thousands","428","thousands","3","v2091301","1.3.2.20","382.6","","","","1"
"2025-02","Canada","2021A000011124","Employment","Men+","65 to 69 years","Persons in thousands","428","thousands","3","v2091301","1.3.2.20","393.3","","","","1"
"2025-03","Canada","2021A000011124","Employment","Men+","65 to 69 years","Persons in thousands","428","thousands","3","v2091301","1.3.2.20","395.3","","","","1"
"2024-11","Canada","2021A000011124","Employment","Men+","70 years and over","Persons in thousands","428","thousands","3","v2091302","1.3.2.21","258.6","","","","1"
"2024-12","Canada","2021A000011124","Employment","Men+","70 years and over","Persons in thousands","428","thousands","3","v2091302","1.3.2.21","267.5","","","","1"
"2025-01","Canada","2021A000011124","Employment","Men+","70 years and over","Persons in thousands","428","thousands","3","v2091302","1.3.2.21","266.0","","","","1"
"2025-02","Canada","2021A000011124","Employment","Men+","70 years and over","Persons in thousands","428","thousands","3","v2091302","1.3.2.21","262.5","","","","1"
"2025-03","Canada","2021A000011124","Employment","Men+","70 years and over","Persons in thousands","428","thousands","3","v2091302","1.3.2.21","258.0","","","","1"
"2024-11","Canada","2021A000011124","Employment","Women+","15 years and over","Persons in thousands","428","thousands","3","v2091492","1.3.3.1","9839.2","","","","1"
"2024-12","Canada","2021A000011124","Employment","Women+","15 years and over","Persons in thousands","428","thousands","3","v2091492","1.3.3.1","9865.5","","","","1"
"2025-01","Canada","2021A000011124","Employment","Women+","15 years and over","Persons in thousands","428","thousands","3","v2091492","1.3.3.1","9818.0","","","","1"
"2025-02","Canada","2021A000011124","Employment","Women+","15 years and over","Persons in thousands","428","thousands","3","v2091492","1.3.3.1","9873.8","","","","1"
"2025-03","Canada","2021A000011124","Employment","Women+","15 years and over","Persons in thousands","428","thousands","3","v2091492","1.3.3.1","9889.2","","","","1"
"2024-11","Canada","2021A000011124","Employment","Women+","15 to 24 years","Persons in thousands","428","thousands","3","v2091493","1.3.3.2","1272.3","","","","1"
"2024-12","Canada","2021A000011124","Employment","Women+","15 to 24 years","Persons in thousands","428","thousands","3","v2091493","1.3.3.2","1283.6","","","","1"
"2025-01","Canada","2021A000011124","Employment","Women+","15 to 24 years","Persons in thousands","428","thousands","3","v2091493","1.3.3.2","1252.5","","","","1"
"2025-02","Canada","2021A000011124","Employment","Women+","15 to 24 years","Persons in thousands","428","thousands","3","v2091493","1.3.3.2","1256.1","","","","1"
"2025-03","Canada","2021A000011124","Employment","Women+","15 to 24 years","Persons in thousands","428","thousands","3","v2091493","1.3.3.2","1267.1","","","","1"
"2024-11","Canada","2021A000011124","Employment","Women+","25 years and over","Persons in thousands","428","thousands","3","v2091494","1.3.3.3","8567.0","","","","1"
"2024-12","Canada","2021A000011124","Employment","Women+","25 years and over","Persons in thousands","428","thousands","3","v2091494","1.3.3.3","8581.9","","","","1"
"2025-01","Canada","2021A000011124","Employment","Women+","25 years and over","Persons in thousands","428","thousands","3","v2091494","1.3.3.3","8565.4","","","","1"
"2025-02","Canada","2021A000011124","Employment","Women+","25 years and over","Persons in thousands","428","thousands","3","v2091494","1.3.3.3","8617.7","","","","1"
"2025-03","Canada","2021A000011124","Employment","Women+","25 years and over","Persons in thousands","428","thousands","3","v2091494","1.3.3.3","8622.1","","","","1"
"2024-11","Canada","2021A000011124","Employment","Women+","25 to 44 years","Persons in thousands","428","thousands","3","v2091495","1.3.3.4","4611.3","","","","1"
"2024-12","Canada","2021A000011124","Employment","Women+","25 to 44 years","Persons in thousands","428","thousands","3","v2091495","1.3.3.4","4613.1","","","","1"
"2025-01","Canada","2021A000011124","Employment","Women+","25 to 44 years","Persons in thousands","428","thousands","3","v2091495","1.3.3.4","4594.8","","","","1"
"2025-02","Canada","2021A000011124","Employment","Women+","25 to 44 years","Persons in thousands","428","thousands","3","v2091495","1.3.3.4","4640.2","","","","1"
"2025-03","Canada","2021A000011124","Employment","Women+","25 to 44 years","Persons in thousands","428","thousands","3","v2091495","1.3.3.4","4642.8","","","","1"
"2024-11","Canada","2021A000011124","Employment","Women+","45 to 64 years","Persons in thousands","428","thousands","3","v19650590","1.3.3.22","3516.5","","","","1"
"2024-12","Canada","2021A000011124","Employment","Women+","45 to 64 years","Persons in thousands","428","thousands","3","v19650590","1.3.3.22","3517.3","","","","1"
"2025-01","Canada","2021A000011124","Employment","Women+","45 to 64 years","Persons in thousands","428","thousands","3","v19650590","1.3.3.22","3537.8","","","","1"
"2025-02","Canada","2021A000011124","Employment","Women+","45 to 64 years","Persons in thousands","428","thousands","3","v19650590","1.3.3.22","3531.8","","","","1"
"2025-03","Canada","2021A000011124","Employment","Women+","45 to 64 years","Persons in thousands","428","thousands","3","v19650590","1.3.3.22","3523.0","","","","1"
"2024-11","Canada","2021A000011124","Employment","Women+","45 years and over","Persons in thousands","428","thousands","3","v2091496","1.3.3.5","3955.7","","","","1"
"2024-12","Canada","2021A000011124","Employment","Women+","45 years and over","Persons in thousands","428","thousands","3","v2091496","1.3.3.5","3968.8","","","","1"
"2025-01","Canada","2021A000011124","Employment","Women+","45 years and over","Persons in thousands","428","thousands","3","v2091496","1.3.3.5","3970.6","","","","1"
"2025-02","Canada","2021A000011124","Employment","Women+","45 years and over","Persons in thousands","428","thousands","3","v2091496","1.3.3.5","3977.5","","","","1"
"2025-03","Canada","2021A000011124","Employment","Women+","45 years and over","Persons in thousands","428","thousands","3","v2091496","1.3.3.5","3979.3","","","","1"
"2024-11","Canada","2021A000011124","Employment","Women+","25 to 54 years","Persons in thousands","428","thousands","3","v2091497","1.3.3.6","6607.3","","","","1"
"2024-12","Canada","2021A000011124","Employment","Women+","25 to 54 years","Persons in thousands","428","thousands","3","v2091497","1.3.3.6","6602.6","","","","1"
"2025-01","Canada","2021A000011124","Employment","Women+","25 to 54 years","Persons in thousands","428","thousands","3","v2091497","1.3.3.6","6604.9","","","","1"
"2025-02","Canada","2021A000011124","Employment","Women+","25 to 54 years","Persons in thousands","428","thousands","3","v2091497","1.3.3.6","6652.0","","","","1"
"2025-03","Canada","2021A000011124","Employment","Women+","25 to 54 years","Persons in thousands","428","thousands","3","v2091497","1.3.3.6","6641.8","","","","1"
"2024-11","Canada","2021A000011124","Employment","Women+","55 years and over","Persons in thousands","428","thousands","3","v2091498","1.3.3.7","1959.6","","","","1"
"2024-12","Canada","2021A000011124","Employment","Women+","55 years and over","Persons in thousands","428","thousands","3","v2091498","1.3.3.7","1979.3","","","","1"
"2025-01","Canada","2021A000011124","Employment","Women+","55 years and over","Persons in thousands","428","thousands","3","v2091498","1.3.3.7","1960.5","","","","1"
"2025-02","Canada","2021A000011124","Employment","Women+","55 years and over","Persons in thousands","428","thousands","3","v2091498","1.3.3.7","1965.7","","","","1"
"2025-03","Canada","2021A000011124","Employment","Women+","55 years and over","Persons in thousands","428","thousands","3","v2091498","1.3.3.7","1980.3","","","","1"
"2024-11","Canada","2021A000011124","Employment","Women+","15 to 64 years","Persons in thousands","428","thousands","3","v2091499","1.3.3.8","9400.0","","","","1"
"2024-12","Canada","2021A000011124","Employment","Women+","15 to 64 years","Persons in thousands","428","thousands","3","v2091499","1.3.3.8","9414.0","","","","1"
"2025-01","Canada","2021A000011124","Employment","Women+","15 to 64 years","Persons in thousands","428","thousands","3","v2091499","1.3.3.8","9385.2","","","","1"
"2025-02","Canada","2021A000011124","Employment","Women+","15 to 64 years","Persons in thousands","428","thousands","3","v2091499","1.3.3.8","9428.1","","","","1"
"2025-03","Canada","2021A000011124","Employment","Women+","15 to 64 years","Persons in thousands","428","thousands","3","v2091499","1.3.3.8","9432.9","","","","1"
"2024-11","Canada","2021A000011124","Employment","Women+","15 to 19 years","Persons in thousands","428","thousands","3","v2091500","1.3.3.9","411.8","","","","1"
"2024-12","Canada","2021A000011124","Employment","Women+","15 to 19 years","Persons in thousands","428","thousands","3","v2091500","1.3.3.9","420.6","","","","1"
"2025-01","Canada","2021A000011124","Employment","Women+","15 to 19 years","Persons in thousands","428","thousands","3","v2091500","1.3.3.9","414.4","","","","1"
"2025-02","Canada","2021A000011124","Employment","Women+","15 to 19 years","Persons in thousands","428","thousands","3","v2091500","1.3.3.9","406.8","","","","1"
"2025-03","Canada","2021A000011124","Employment","Women+","15 to 19 years","Persons in thousands","428","thousands","3","v2091500","1.3.3.9","411.1","","","","1"
"2024-11","Canada","2021A000011124","Employment","Women+","20 to 24 years","Persons in thousands","428","thousands","3","v2091501","1.3.3.10","860.5","","","","1"
"2024-12","Canada","2021A000011124","Employment","Women+","20 to 24 years","Persons in thousands","428","thousands","3","v2091501","1.3.3.10","863.0","","","","1"
"2025-01","Canada","2021A000011124","Employment","Women+","20 to 24 years","Persons in thousands","428","thousands","3","v2091501","1.3.3.10","838.1","","","","1"
"2025-02","Canada","2021A000011124","Employment","Women+","20 to 24 years","Persons in thousands","428","thousands","3","v2091501","1.3.3.10","849.2","","","","1"
"2025-03","Canada","2021A000011124","Employment","Women+","20 to 24 years","Persons in thousands","428","thousands","3","v2091501","1.3.3.10","856.0","","","","1"
"2024-11","Canada","2021A000011124","Employment","Women+","25 to 29 years","Persons in thousands","428","thousands","3","v2091502","1.3.3.11","1149.4","","","","1"
"2024-12","Canada","2021A000011124","Employment","Women+","25 to 29 years","Persons in thousands","428","thousands","3","v2091502","1.3.3.11","1152.4","","","","1"
"2025-01","Canada","2021A000011124","Employment","Women+","25 to 29 years","Persons in thousands","428","thousands","3","v2091502","1.3.3.11","1127.1","","","","1"
"2025-02","Canada","2021A000011124","Employment","Women+","25 to 29 years","Persons in thousands","428","thousands","3","v2091502","1.3.3.11","1138.3","","","","1"
"2025-03","Canada","2021A000011124","Employment","Women+","25 to 29 years","Persons in thousands","428","thousands","3","v2091502","1.3.3.11","1145.3","","","","1"
"2024-11","Canada","2021A000011124","Employment","Women+","30 to 34 years","Persons in thousands","428","thousands","3","v2091503","1.3.3.12","1203.3","","","","1"
"2024-12","Canada","2021A000011124","Employment","Women+","30 to 34 years","Persons in thousands","428","thousands","3","v2091503","1.3.3.12","1192.7","","","","1"
"2025-01","Canada","2021A000011124","Employment","Women+","30 to 34 years","Persons in thousands","428","thousands","3","v2091503","1.3.3.12","1194.2","","","","1"
"2025-02","Canada","2021A000011124","Employment","Women+","30 to 34 years","Persons in thousands","428","thousands","3","v2091503","1.3.3.12","1214.7","","","","1"
"2025-03","Canada","2021A000011124","Employment","Women+","30 to 34 years","Persons in thousands","428","thousands","3","v2091503","1.3.3.12","1218.3","","","","1"
"2024-11","Canada","2021A000011124","Employment","Women+","35 to 39 years","Persons in thousands","428","thousands","3","v2091504","1.3.3.13","1129.0","","","","1"
"2024-12","Canada","2021A000011124","Employment","Women+","35 to 39 years","Persons in thousands","428","thousands","3","v2091504","1.3.3.13","1134.2","","","","1"
"2025-01","Canada","2021A000011124","Employment","Women+","35 to 39 years","Persons in thousands","428","thousands","3","v2091504","1.3.3.13","1135.9","","","","1"
"2025-02","Canada","2021A000011124","Employment","Women+","35 to 39 years","Persons in thousands","428","thousands","3","v2091504","1.3.3.13","1156.3","","","","1"
"2025-03","Canada","2021A000011124","Employment","Women+","35 to 39 years","Persons in thousands","428","thousands","3","v2091504","1.3.3.13","1166.6","","","","1"
"2024-11","Canada","2021A000011124","Employment","Women+","40 to 44 years","Persons in thousands","428","thousands","3","v2091505","1.3.3.14","1129.7","","","","1"
"2024-12","Canada","2021A000011124","Employment","Women+","40 to 44 years","Persons in thousands","428","thousands","3","v2091505","1.3.3.14","1133.8","","","","1"
"2025-01","Canada","2021A000011124","Employment","Women+","40 to 44 years","Persons in thousands","428","thousands","3","v2091505","1.3.3.14","1137.6","","","","1"
"2025-02","Canada","2021A000011124","Employment","Women+","40 to 44 years","Persons in thousands","428","thousands","3","v2091505","1.3.3.14","1130.9","","","","1"
"2025-03","Canada","2021A000011124","Employment","Women+","40 to 44 years","Persons in thousands","428","thousands","3","v2091505","1.3.3.14","1112.6","","","","1"
"2024-11","Canada","2021A000011124","Employment","Women+","45 to 49 years","Persons in thousands","428","thousands","3","v2091506","1.3.3.15","1002.1","","","","1"
"2024-12","Canada","2021A000011124","Employment","Women+","45 to 49 years","Persons in thousands","428","thousands","3","v2091506","1.3.3.15","999.7","","","","1"
"2025-01","Canada","2021A000011124","Employment","Women+","45 to 49 years","Persons in thousands","428","thousands","3","v2091506","1.3.3.15","1015.6","","","","1"
"2025-02","Canada","2021A000011124","Employment","Women+","45 to 49 years","Persons in thousands","428","thousands","3","v2091506","1.3.3.15","1015.5","","","","1"
"2025-03","Canada","2021A000011124","Employment","Women+","45 to 49 years","Persons in thousands","428","thousands","3","v2091506","1.3.3.15","1009.5","","","","1"
"2024-11","Canada","2021A000011124","Employment","Women+","50 to 54 years","Persons in thousands","428","thousands","3","v2091507","1.3.3.16","994.0","","","","1"
"2024-12","Canada","2021A000011124","Employment","Women+","50 to 54 years","Persons in thousands","428","thousands","3","v2091507","1.3.3.16","989.8","","","","1"
"2025-01","Canada","2021A000011124","Employment","Women+","50 to 54 years","Persons in thousands","428","thousands","3","v2091507","1.3.3.16","994.5","","","","1"
"2025-02","Canada","2021A000011124","Employment","Women+","50 to 54 years","Persons in thousands","428","thousands","3","v2091507","1.3.3.16","996.4","","","","1"
"2025-03","Canada","2021A000011124","Employment","Women+","50 to 54 years","Persons in thousands","428","thousands","3","v2091507","1.3.3.16","989.6","","","","1"
"2024-11","Canada","2021A000011124","Employment","Women+","55 to 59 years","Persons in thousands","428","thousands","3","v2091508","1.3.3.17","853.8","","","","1"
"2024-12","Canada","2021A000011124","Employment","Women+","55 to 59 years","Persons in thousands","428","thousands","3","v2091508","1.3.3.17","859.8","","","","1"
"2025-01","Canada","2021A000011124","Employment","Women+","55 to 59 years","Persons in thousands","428","thousands","3","v2091508","1.3.3.17","857.5","","","","1"
"2025-02","Canada","2021A000011124","Employment","Women+","55 to 59 years","Persons in thousands","428","thousands","3","v2091508","1.3.3.17","856.5","","","","1"
"2025-03","Canada","2021A000011124","Employment","Women+","55 to 59 years","Persons in thousands","428","thousands","3","v2091508","1.3.3.17","848.3","","","","1"
"2024-11","Canada","2021A000011124","Employment","Women+","60 to 64 years","Persons in thousands","428","thousands","3","v2091509","1.3.3.18","666.7","","","","1"
"2024-12","Canada","2021A000011124","Employment","Women+","60 to 64 years","Persons in thousands","428","thousands","3","v2091509","1.3.3.18","668.0","","","","1"
"2025-01","Canada","2021A000011124","Employment","Women+","60 to 64 years","Persons in thousands","428","thousands","3","v2091509","1.3.3.18","670.3","","","","1"
"2025-02","Canada","2021A000011124","Employment","Women+","60 to 64 years","Persons in thousands","428","thousands","3","v2091509","1.3.3.18","663.5","","","","1"
"2025-03","Canada","2021A000011124","Employment","Women+","60 to 64 years","Persons in thousands","428","thousands","3","v2091509","1.3.3.18","675.7","","","","1"
"2024-11","Canada","2021A000011124","Employment","Women+","65 years and over","Persons in thousands","428","thousands","3","v2091510","1.3.3.19","439.2","","","","1"
"2024-12","Canada","2021A000011124","Employment","Women+","65 years and over","Persons in thousands","428","thousands","3","v2091510","1.3.3.19","451.5","","","","1"
"2025-01","Canada","2021A000011124","Employment","Women+","65 years and over","Persons in thousands","428","thousands","3","v2091510","1.3.3.19","432.8","","","","1"
"2025-02","Canada","2021A000011124","Employment","Women+","65 years and over","Persons in thousands","428","thousands","3","v2091510","1.3.3.19","445.7","","","","1"
"2025-03","Canada","2021A000011124","Employment","Women+","65 years and over","Persons in thousands","428","thousands","3","v2091510","1.3.3.19","456.3","","","","1"
"2024-11","Canada","2021A000011124","Employment","Women+","65 to 69 years","Persons in thousands","428","thousands","3","v2091511","1.3.3.20","290.5","","","","1"
"2024-12","Canada","2021A000011124","Employment","Women+","65 to 69 years","Persons in thousands","428","thousands","3","v2091511","1.3.3.20","294.7","","","","1"
"2025-01","Canada","2021A000011124","Employment","Women+","65 to 69 years","Persons in thousands","428","thousands","3","v2091511","1.3.3.20","279.6","","","","1"
"2025-02","Canada","2021A000011124","Employment","Women+","65 to 69 years","Persons in thousands","428","thousands","3","v2091511","1.3.3.20","289.1","","","","1"
"2025-03","Canada","2021A000011124","Employment","Women+","65 to 69 years","Persons in thousands","428","thousands","3","v2091511","1.3.3.20","296.6","","","","1"
"2024-11","Canada","2021A000011124","Employment","Women+","70 years and over","Persons in thousands","428","thousands","3","v2091512","1.3.3.21","148.7","","","","1"
"2024-12","Canada","2021A000011124","Employment","Women+","70 years and over","Persons in thousands","428","thousands","3","v2091512","1.3.3.21","156.8","","","","1"
"2025-01","Canada","2021A000011124","Employment","Women+","70 years and over","Persons in thousands","428","thousands","3","v2091512","1.3.3.21","153.1","","","","1"
"2025-02","Canada","2021A000011124","Employment","Women+","70 years and over","Persons in thousands","428","thousands","3","v2091512","1.3.3.21","156.6","","","","1"
"2025-03","Canada","2021A000011124","Employment","Women+","70 years and over","Persons in thousands","428","thousands","3","v2091512","1.3.3.21","159.7","","","","1"


